{
  "project_info": {
    "project_number": "466053299500",
    "project_id": "chem-app-d3334",
    "storage_bucket": "chem-app-d3334.appspot.com"
  },
  "client": [
    {
      "client_info": {
        "mobilesdk_app_id": "1:466053299500:android:1b1ef400386a1e9d85c089",
        "android_client_info": {
          "package_name": "com.chemedu.newname"
        }
      },
      "oauth_client": [
        {
          "client_id": "466053299500-v9cpc8l5ukdo1t2fumddkimiacmkjn86.apps.googleusercontent.com",
          "client_type": 3
        }
      ],
      "api_key": [
        {
          "current_key": "AIzaSyAbgikzG4d6KHpn6SfSDMJbmPH22qyFv_Q"
        }
      ],
      "services": {
        "appinvite_service": {
          "other_platform_oauth_client": [
            {
              "client_id": "466053299500-v9cpc8l5ukdo1t2fumddkimiacmkjn86.apps.googleusercontent.com",
              "client_type": 3
            }
          ]
        }
      }
    },
    {
      "client_info": {
        "mobilesdk_app_id": "1:466053299500:android:006f8ae4f20abdf585c089",
        "android_client_info": {
          "package_name": "com.example.chem"
        }
      },
      "oauth_client": [
        {
          "client_id": "466053299500-v9cpc8l5ukdo1t2fumddkimiacmkjn86.apps.googleusercontent.com",
          "client_type": 3
        }
      ],
      "api_key": [
        {
          "current_key": "AIzaSyAbgikzG4d6KHpn6SfSDMJbmPH22qyFv_Q"
        }
      ],
      "services": {
        "appinvite_service": {
          "other_platform_oauth_client": [
            {
              "client_id": "466053299500-v9cpc8l5ukdo1t2fumddkimiacmkjn86.apps.googleusercontent.com",
              "client_type": 3
            }
          ]
        }
      }
    }
  ],
  "configuration_version": "1"
}